Likert_Scale,v2_0.0_Prob,v2_0.25_Prob,v2_0.5_Prob,v2_0.75_Prob,v2_0.95_Prob
1,0.11401421417302185,0.0854391254464715,0.05115346216646759,0.02636573299784598,0.015811573268369065
2,0.16891425305303173,0.15185244135910617,0.12044584027726836,0.08102643328205623,0.05438623999447932
3,0.5239492031433044,0.4516765532351999,0.36230000422208486,0.2622611713447573,0.1873576098270071
4,0.1501139600116309,0.24176503711320688,0.36230000422208486,0.48996837315628217,0.5771020665621578
5,0.04300836961901102,0.06926684284601566,0.10380068911209443,0.14037828921905843,0.16534251034798686
